john:First=John,Last=Wick,Email=john.wick@gmail.com
joseph:First=Joseph,Last=Wick,Email=joseph.wick@gmail.com
rick:First=Rick,Last=Martin,Email=rick.martin@gmail.com
stephan:First=Stephan,Last=Louis,Email=stephan.louis@gmail.com
paula:First=Paula,Last=Fernandes,Email=paula.fernandes@gmail.com